{
  "mountain_sunset.jpg": {
    "difficulty": "Medium",
    "key_elements": [
      "mountains",
      "sunset",
      "golden light",
      "dramatic clouds",
      "silhouette"
    ],
    "style_hints": [
      "landscape photography",
      "golden hour",
      "dramatic lighting"
    ],
    "sample_prompts": [
      "golden sunset over mountain peaks",
      "dramatic mountain silhouette at sunset",
      "golden hour landscape with mountains and clouds"
    ]
  },
  "ocean_waves.jpg": {
    "difficulty": "Hard",
    "key_elements": [
      "ocean",
      "waves",
      "rocks",
      "spray",
      "motion"
    ],
    "style_hints": [
      "seascape",
      "dynamic water",
      "coastal photography"
    ],
    "sample_prompts": [
      "powerful ocean waves crashing on rocks",
      "dramatic seascape with white foam",
      "coastal waves with spray and motion"
    ]
  },
  "forest_path.jpg": {
    "difficulty": "Medium",
    "key_elements": [
      "forest",
      "path",
      "trees",
      "mist",
      "green"
    ],
    "style_hints": [
      "nature photography",
      "atmospheric",
      "peaceful"
    ],
    "sample_prompts": [
      "misty forest path through tall trees",
      "peaceful woodland trail with soft light",
      "atmospheric forest scene with morning mist"
    ]
  },
  "desert_dunes.jpg": {
    "difficulty": "Easy",
    "key_elements": [
      "sand dunes",
      "desert",
      "shadows",
      "blue sky"
    ],
    "style_hints": [
      "minimalist",
      "geometric",
      "warm colors"
    ],
    "sample_prompts": [
      "rolling sand dunes with dramatic shadows",
      "desert landscape with golden sand",
      "minimalist dune photography"
    ]
  },
  "tropical_beach.jpg": {
    "difficulty": "Easy",
    "key_elements": [
      "beach",
      "tropical",
      "clear water",
      "white sand",
      "paradise"
    ],
    "style_hints": [
      "tropical",
      "crystal clear",
      "pristine"
    ],
    "sample_prompts": [
      "tropical beach with crystal clear water",
      "pristine white sand beach paradise",
      "turquoise water and white sand"
    ]
  }
}